Model,lnL,omega,kappa,np
M0,-1387.166687,1.67409,1.61445,79
M1a,-1367.745984,,1.45268,80
M2a,-1344.555962,,1.65118,82
M7,-1367.90896,,1.45401,80
M8,-1345.298018,,1.65436,82
