Model,lnL,omega,kappa,np
M0,-865.083351,1.57288,2.82563,79
M1a,-857.915254,,2.81538,80
M2a,-842.739122,,3.08292,82
M7,-859.343889,,2.89626,80
M8,-847.467618,,3.1038,82
